D_Name,D_SMILES,Predicted_PCE (%),Predicted_FF (%),Predicted_JSC (mA/cm²),Predicted_VOC (V),D_HOMO,D_LUMO,A_HOMO,A_LUMO,D_lamda_max,A_lamda_max
Example_Mol_1,CCCCCCCCc1cc(C)c(C)cc1C,11.343230993589739,65.880264,22.19751150793651,0.8081863472222224,-5.25,-3.45,-5.65,-4.1,580,830
Example_Mol_2,c1ccc(C2=CC=C(c3ccccc3)C2)cc1,11.366234657251775,66.25934,21.48000083333334,0.8336686413308915,-5.35,-3.55,-5.7,-4.08,560,825
Example_Mol_3,CCc1ccc(C2CCC(c3ccc(CC)cc3)C2)cc1,11.402832362637357,65.37293,21.27696908730159,0.8154080039682537,-5.15,-3.35,-5.6,-4.15,590,835
